{
  "type": "panel",
  "name": "Polystat",
  "id": "grafana-polystat-panel",
  "info": {
    "description": "Polystat panel for Grafana",
    "author": {
      "name": "Grafana Project",
      "url": "https://github.com/grafana/grafana-polystat-panel"
    },
    "keywords": [
      "hexbin",
      "honeycomb",
      "panel"
    ],
    "logos": {
      "small": "img/polystat.svg",
      "large": "img/polystat.svg"
    },
    "links": [
      {
        "name": "Project site",
        "url": "https://github.com/grafana/grafana-polystat-panel"
      },
      {
        "name": "Apache-2.0",
        "url": "https://github.com/grafana/grafana-polystat-panel/blob/master/LICENSE.md"
      }
    ],
    "screenshots": [
      {
        "name": "Showcase",
        "path": "screenshots/polystat-composite-example1.png"
      },
      {
        "name": "Animation",
        "path": "screenshots/polystat-animate1.gif"
      },
      {
        "name": "Options",
        "path": "screenshots/polystat-options-all.png"
      },
      {
        "name": "Overrides",
        "path": "screenshots/polystat-overrides-all.png"
      },
      {
        "name": "Tooltips",
        "path": "screenshots/polystat-tooltip.png"
      },
      {
        "name": "Composites",
        "path": "screenshots/polystat-composites-all.png"
      }
    ],
    "version": "1.1.0",
    "updated": "2020-01-08",
    "build": {
      "time": 1578527348451,
      "repo": "git@github.com:grafana/grafana-polystat-panel.git",
      "branch": "master",
      "hash": "ee134346c12f39d2cb67a65fb5bffc26b4df4572",
      "number": 292
    }
  },
  "dependencies": {
    "grafanaVersion": "6.x.x",
    "plugins": []
  }
}